image,ratings,character_tags,tags
miku.jpg,general:0.021;sensitive:0.912;questionable:0.071;explicit:0.001,hatsune_miku:0.957,multiple girls;2girls;shirt;dark-skinned female;twintails;shorts;dark skin;jewelry;long hair;necklace;breasts;hair ornament;flower;hair flower;aqua hair;smile;white background;looking at another;open mouth;aqua eyes;blue shorts;tan;large breasts;headphones;tattoo;dual persona;very long hair;detached sleeves;off shoulder;sleeveless shirt;simple background;grey shirt;skirt;denim shorts;off-shoulder shirt;bare shoulders;sleeveless;hand on own hip;shoulder tattoo;bead necklace;thighhighs;short shorts;denim;bent over;hatsune miku
navia.jpg,general:0.002;sensitive:0.009;questionable:0.932;explicit:0.076,navia_(genshin_impact):0.992,1girl;breasts;solo;blonde hair;blue eyes;thighhighs;thighs;long hair;thick thighs;hat;panties;looking at viewer;areola slip;navel;underwear;covered nipples;large breasts;black thighhighs;underboob;wide hips;smile;black headwear;drill hair;very long hair;curvy;sidelocks;simple background;bare shoulders;artist name;black panties;gloves;drill sidelocks;highleg;highleg panties;grey background;alternate breast size;english text;cameltoe;sweat;flower;jewelry;patreon username;closed mouth;hat flower;huge breasts;black gloves;stomach;elbow gloves;navia \(genshin impact\)
rosalina.jpg,general:0.002;sensitive:0.007;questionable:0.957;explicit:0.033,,1girl;ass;breasts;blonde hair;solo;crown;long hair;blue eyes;huge ass;nude;earrings;looking back;jewelry;looking at viewer;ass focus;blurry background;blurry;sitting;from behind;star earrings;thick thighs;star \(symbol\);indoors;completely nude;thighs;large breasts;backboob;huge breasts
dragon.jpg,general:0.015;sensitive:0.007;questionable:0.088;explicit:0.907,kobayashi_(maidragon):0.991;tohru_(maidragon):0.954,multiple girls;tongue;saliva;3girls;tongue out;horns;english text;glasses;necktie;ass;yuri;drooling;blonde hair;open mouth;blush;saliva trail;speech bubble;multicolored hair;black hair;blue eyes;red eyes;patreon username;dragon horns;artist name;shirt;pants;ahegao;pants pull;indoors;gradient hair;twintails;maid headdress;ponytail;bent over;long hair;dragon girl;white shirt;purple hair;hand on another's ass;pink hair;short hair;ass grab;short sleeves;watermark;breasts;office lady;clothes pull;kobayashi \(maidragon\);tohru \(maidragon\)
f3.jpg,general:0.003;sensitive:0.002;questionable:0.001;explicit:0.992,,1girl;monochrome;penis;school uniform;censored;futanari;head back;testicles;serafuku;cum;long hair;blush;solo;socks;ejaculation;bottomless;bar censor;sex;stomach bulge;x-ray;greyscale;vaginal;inflation;spread legs;on back;tongue out;lying
jean.jpg,general:0.004;sensitive:0.017;questionable:0.009;explicit:0.974,jean_(genshin_impact):0.998;lisa_(genshin_impact):0.957,2girls;yuri;multiple girls;blush;blonde hair;blue eyes;green eyes;ponytail;desk;chair;cunnilingus;table;oral;capelet;book;open mouth;breasts;under table;long hair;pussy;brown hair;indoors;sitting;hair between eyes;sweat;teeth;jean \(genshin impact\);lisa \(genshin impact\)
miko.jpg,general:0.002;sensitive:0.008;questionable:0.130;explicit:0.869,yae_miko:0.955,jack-o' challenge;1girl;breasts;top-down bottom-up;solo;long hair;tail;pink hair;pussy;animal ears;nude;navel;fox ears;cherry blossoms;ass;breast press;large breasts;fox tail;spread legs;completely nude;uncensored;outdoors;flexible;very long hair;tree;fox girl;hands on ground;thighs;stretching;wide spread legs;from behind;arm rest;kneepits;looking at viewer;cleft of venus;petals;earrings;yae miko
f1.jpg,general:0.003;sensitive:0.004;questionable:0.002;explicit:0.987,,breasts;english text;penis;multiple girls;censored;futanari;nipples;2girls;veiny penis;veins;tongue;bar censor;brown hair;futa with female;huge penis;penis over eyes;penis on face;large breasts;speech bubble;large penis;tongue out;cum;pubic hair;navel;open mouth;saliva;nude;precum;mature female;after fellatio;erection;lipstick mark;pov;identity censor
varesa.jpg,general:0.001;sensitive:0.015;questionable:0.007;explicit:0.985,,1girl;futanari;breasts;cow print;solo;penis;horns;animal print;testicles;bikini;swimsuit;navel;pink hair;huge breasts;cow ears;cow horns;print bikini;animal ears;veins;erection;v;bottle;open mouth;uncensored;ahoge;long hair;holding;bell;teeth;hair ornament;thick thighs;cow print bikini;tongue;milk bottle;pink background;pink eyes;multicolored hair;veiny penis;looking at viewer;cow girl;cowbell;smile;hairband;hair between eyes;large penis;symbol-shaped pupils;hair intakes;thighs;detached sleeves;virtual youtuber;braid;holding bottle;skindentation;aqua nails;upper teeth only;fingernails;heart-shaped pupils
f2.jpg,general:0.001;sensitive:0.005;questionable:0.007;explicit:0.985,,breasts;multiple girls;futanari;english text;penis;pantyhose;shorts;fellatio;torn clothes;ass;futa with female;nipples;hair over one eye;cum;jewelry;earrings;huge penis;oral;speech bubble;huge breasts;choker;brown hair;blue eyes;long hair;large penis;denim;black choker;large breasts;uncensored;navel;short shorts;testicles;denim shorts;short hair;thick thighs;black hair;2girls;hoodie;torn pantyhose;veiny penis;hood;3girls;tank top;micro shorts;brown pantyhose;cleavage
amber.png,general:0.001;sensitive:0.002;questionable:0.001;explicit:0.995,amber_(genshin_impact):0.966;paimon_(genshin_impact):0.793,multiple girls;penis;2girls;breasts;huge penis;censored;stomach bulge;mosaic censoring;testicles;outdoors;futanari;brown hair;goggles;large insertion;long hair;nude;thighhighs;white hair;goggles on head;sky;large penis;open mouth;huge testicles;futa with female;loli;cum;spread legs;blush;navel;inflation;nipples;sex;blue eyes;reverse suspended congress;pussy;day;size difference;brown eyes;heart;vaginal;shrug \(clothing\);halo;small breasts;cum in pussy;blue sky;yellow eyes;cloud;hair ornament;hair between eyes;ribbon;cum inflation;short hair;large breasts;red ribbon;amber \(genshin impact\);paimon \(genshin impact\)
